{"Banja Luka": 3727.6119402985073, "Biha\u0107": 2933.3333333333335, "Bijeljina": 2549.889135254989, "Br\u010dko": 2451.9507724535215, "Doboj": 2383.616259149665, "Gradi\u0161ka": 2300.0, "Ilid\u017ea": 4666.666666666667, "Isto\u010dna Ilid\u017ea": 2800.0, "Isto\u010dni Stari Grad": 3500.0000000000005, "Isto\u010dno Sarajevo": 2863.6363636363635, "Lakta\u0161i": 2888.903846153846, "Lukavac": 2523.3644859813085, "Mostar": 3650.0, "Neum": 5500.0, "Other": 2400.0, "Pale": 5364.386639676113, "Prijedor": 2558.6363636363635, "Sarajevo": 4966.091954022989, "Travnik": 2542.8571428571427, "Trnovo": 5500.0, "Tuzla": 3785.7714285714283, "Unknown": 5687.5, "Vogo\u0161\u0107a": 3750.8254716981132, "Zenica": 3318.58407079646, "\u017divinice": 3114.754098360656}